Workbook

Sheet Dashboard
A1: BvP BETTING TRACKER
A2: MLB Batter vs. Pitcher | Performance Dashboard
A3: Enter picks on Singles / Daily Double / Smash Double tabs — stats update here automatically.
B5: SINGLES | H5: DAILY DOUBLE
B6: Bets Settled | C6: =COUNTIF(Singles!K2:K301,"Hit")+COUNTIF(Singles!K2:K301,"No Hit") | H6: Bets Settled | I6: =COUNTIF('Daily Double'!O2:O301,"Win")+COUNTIF('Daily Double'!O2:O301,"Loss")
B7: Wins | C7: =COUNTIF(Singles!K2:K301,"Hit") | H7: Wins | I7: =COUNTIF('Daily Double'!O2:O301,"Win")
B8: Losses | C8: =COUNTIF(Singles!K2:K301,"No Hit") | H8: Losses | I8: =COUNTIF('Daily Double'!O2:O301,"Loss")
B9: Win Rate | C9: =IF(C6=0,"-",C7/C6) | H9: Win Rate | I9: =IF(I6=0,"-",I7/I6)
B10: Total Staked | C10: =SUMIF(Singles!K2:K301,"Hit",Singles!J2:J301)+SUMIF(Singles!K2:K301,"No Hit",Singles!J2:J301) | H10: Total Staked | I10: =SUMIF('Daily Double'!O2:O301,"Win",'Daily Double'!L2:L301)+SUMIF('Daily Double'!O2:O301,"Loss",'Daily Double'!L2:L301)
B11: Total P/L | C11: =SUM(Singles!M2:M301) | H11: Total P/L | I11: =SUM('Daily Double'!Q2:Q301)
B12: ROI | C12: =IF(C10=0,"-",C11/C10) | H12: ROI | I12: =IF(I10=0,"-",I11/I10)
B13: Avg Odds (Wins) | C13: =IF(C7=0,"-",AVERAGEIF(Singles!K2:K301,"Hit",Singles!I2:I301))
H14: SMASH DOUBLE
B15: SINGLES BY CONFIDENCE | H15: Bets Settled | I15: =COUNTIF('Smash Double'!O2:O301,"Win")+COUNTIF('Smash Double'!O2:O301,"Loss")
B16: Tier | C16: Wins | D16: Losses | E16: Win % | F16: P/L ($) | H16: Wins | I16: =COUNTIF('Smash Double'!O2:O301,"Win")
B17: High | C17: =COUNTIFS(Singles!G2:G301,"High",Singles!K2:K301,"Hit") | D17: =COUNTIFS(Singles!G2:G301,"High",Singles!K2:K301,"No Hit") | E17: =IF(C17+D17=0,"-",C17/(C17+D17)) | F17: =SUMPRODUCT((Singles!G2:G301="High")*(ISNUMBER(Singles!M2:M301))*Singles!M2:M301) | H17: Losses | I17: =COUNTIF('Smash Double'!O2:O301,"Loss")
B18: Medium | C18: =COUNTIFS(Singles!G2:G301,"Medium",Singles!K2:K301,"Hit") | D18: =COUNTIFS(Singles!G2:G301,"Medium",Singles!K2:K301,"No Hit") | E18: =IF(C18+D18=0,"-",C18/(C18+D18)) | F18: =SUMPRODUCT((Singles!G2:G301="Medium")*(ISNUMBER(Singles!M2:M301))*Singles!M2:M301) | H18: Win Rate | I18: =IF(I15=0,"-",I16/I15)
B19: Low | C19: =COUNTIFS(Singles!G2:G301,"Low",Singles!K2:K301,"Hit") | D19: =COUNTIFS(Singles!G2:G301,"Low",Singles!K2:K301,"No Hit") | E19: =IF(C19+D19=0,"-",C19/(C19+D19)) | F19: =SUMPRODUCT((Singles!G2:G301="Low")*(ISNUMBER(Singles!M2:M301))*Singles!M2:M301) | H19: Total Staked | I19: =SUMIF('Smash Double'!O2:O301,"Win",'Smash Double'!L2:L301)+SUMIF('Smash Double'!O2:O301,"Loss",'Smash Double'!L2:L301)
H20: Total P/L | I20: =SUM('Smash Double'!Q2:Q301)
H21: ROI | I21: =IF(I19=0,"-",I20/I19)
B24: COMBINED PERFORMANCE
B25: Total Bets | C25: =C6+I6+I15
B26: Total Staked | C26: =C10+I10+I19
B27: Total P/L | C27: =C11+I11+I20
B28: Overall ROI | C28: =IF(C26=0,"-",C27/C26)
N31: Result
N32: Wins | O32: =C7
N33: Losses | O33: =C8

Sheet Singles
A1: Date | B1: Batter | C1: Pitcher | D1: Team | E1: BvP AVG | F1: AB | G1: Conf. | H1: Book | I1: Odds | J1: Stake ($) | K1: Result | L1: To Win ($) | M1: P/L ($) | N1: Cum. P/L ($) | O1: Notes
L2: =IF(OR(I2="",J2=""),"",IF(I2>0,J2*(I2/100),J2*(100/(-I2)))) | M2: =IF(K2="Hit",L2,IF(K2="No Hit",-J2,"")) | N2: =IF(M2="","",SUM($M$2:M2))
L3: =IF(OR(I3="",J3=""),"",IF(I3>0,J3*(I3/100),J3*(100/(-I3)))) | M3: =IF(K3="Hit",L3,IF(K3="No Hit",-J3,"")) | N3: =IF(M3="","",SUM($M$2:M3))
L4: =IF(OR(I4="",J4=""),"",IF(I4>0,J4*(I4/100),J4*(100/(-I4)))) | M4: =IF(K4="Hit",L4,IF(K4="No Hit",-J4,"")) | N4: =IF(M4="","",SUM($M$2:M4))
L5: =IF(OR(I5="",J5=""),"",IF(I5>0,J5*(I5/100),J5*(100/(-I5)))) | M5: =IF(K5="Hit",L5,IF(K5="No Hit",-J5,"")) | N5: =IF(M5="","",SUM($M$2:M5))
L6: =IF(OR(I6="",J6=""),"",IF(I6>0,J6*(I6/100),J6*(100/(-I6)))) | M6: =IF(K6="Hit",L6,IF(K6="No Hit",-J6,"")) | N6: =IF(M6="","",SUM($M$2:M6))
L7: =IF(OR(I7="",J7=""),"",IF(I7>0,J7*(I7/100),J7*(100/(-I7)))) | M7: =IF(K7="Hit",L7,IF(K7="No Hit",-J7,"")) | N7: =IF(M7="","",SUM($M$2:M7))
L8: =IF(OR(I8="",J8=""),"",IF(I8>0,J8*(I8/100),J8*(100/(-I8)))) | M8: =IF(K8="Hit",L8,IF(K8="No Hit",-J8,"")) | N8: =IF(M8="","",SUM($M$2:M8))
L9: =IF(OR(I9="",J9=""),"",IF(I9>0,J9*(I9/100),J9*(100/(-I9)))) | M9: =IF(K9="Hit",L9,IF(K9="No Hit",-J9,"")) | N9: =IF(M9="","",SUM($M$2:M9))
L10: =IF(OR(I10="",J10=""),"",IF(I10>0,J10*(I10/100),J10*(100/(-I10)))) | M10: =IF(K10="Hit",L10,IF(K10="No Hit",-J10,"")) | N10: =IF(M10="","",SUM($M$2:M10))
L11: =IF(OR(I11="",J11=""),"",IF(I11>0,J11*(I11/100),J11*(100/(-I11)))) | M11: =IF(K11="Hit",L11,IF(K11="No Hit",-J11,"")) | N11: =IF(M11="","",SUM($M$2:M11))
L12: =IF(OR(I12="",J12=""),"",IF(I12>0,J12*(I12/100),J12*(100/(-I12)))) | M12: =IF(K12="Hit",L12,IF(K12="No Hit",-J12,"")) | N12: =IF(M12="","",SUM($M$2:M12))
L13: =IF(OR(I13="",J13=""),"",IF(I13>0,J13*(I13/100),J13*(100/(-I13)))) | M13: =IF(K13="Hit",L13,IF(K13="No Hit",-J13,"")) | N13: =IF(M13="","",SUM($M$2:M13))
... L301: =IF(OR(I301="",J301=""),"",IF(I301>0,J301*(I301/100),J301*(100/(-I301)))) | M301: =IF(K301="Hit",L301,IF(K301="No Hit",-J301,"")) | N301: =IF(M301="","",SUM($M$2:M301))

Sheet Daily Double
A1: Date | B1: Batter 1 | C1: B1 Team | D1: B1 AVG | E1: B1 AB | F1: Batter 2 | G1: B2 Team | H1: B2 AVG | I1: B2 AB | J1: Book | K1: Odds | L1: Stake ($) | M1: Leg 1 | N1: Leg 2 | O1: Result | P1: To Win ($) | Q1: P/L ($) | R1: Cum. P/L ($) | S1: Notes
O2: =IF(AND(M2="",N2=""),"",IF(OR(M2="No Hit",N2="No Hit"),"Loss",IF(AND(M2="Hit",N2="Hit"),"Win","Pending"))) | P2: =IF(OR(K2="",L2=""),"",IF(K2>0,L2*(K2/100),L2*(100/(-K2)))) | Q2: =IF(O2="Win",P2,IF(O2="Loss",-L2,"")) | R2: =IF(Q2="","",SUM($Q$2:Q2))
O3: =IF(AND(M3="",N3=""),"",IF(OR(M3="No Hit",N3="No Hit"),"Loss",IF(AND(M3="Hit",N3="Hit"),"Win","Pending"))) | P3: =IF(OR(K3="",L3=""),"",IF(K3>0,L3*(K3/100),L3*(100/(-K3)))) | Q3: =IF(O3="Win",P3,IF(O3="Loss",-L3,"")) | R3: =IF(Q3="","",SUM($Q$2:Q3))
O4: =IF(AND(M4="",N4=""),"",IF(OR(M4="No Hit",N4="No Hit"),"Loss",IF(AND(M4="Hit",N4="Hit"),"Win","Pending"))) | P4: =IF(OR(K4="",L4=""),"",IF(K4>0,L4*(K4/100),L4*(100/(-K4)))) | Q4: =IF(O4="Win",P4,IF(O4="Loss",-L4,"")) | R4: =IF(Q4="","",SUM($Q$2:Q4))
O5: =IF(AND(M5="",N5=""),"",IF(OR(M5="No Hit",N5="No Hit"),"Loss",IF(AND(M5="Hit",N5="Hit"),"Win","Pending"))) | P5: =IF(OR(K5="",L5=""),"",IF(K5>0,L5*(K5/100),L5*(100/(-K5)))) | Q5: =IF(O5="Win",P5,IF(O5="Loss",-L5,"")) | R5: =IF(Q5="","",SUM($Q$2:Q5))
O6: =IF(AND(M6="",N6=""),"",IF(OR(M6="No Hit",N6="No Hit"),"Loss",IF(AND(M6="Hit",N6="Hit"),"Win","Pending"))) | P6: =IF(OR(K6="",L6=""),"",IF(K6>0,L6*(K6/100),L6*(100/(-K6)))) | Q6: =IF(O6="Win",P6,IF(O6="Loss",-L6,"")) | R6: =IF(Q6="","",SUM($Q$2:Q6))
O7: =IF(AND(M7="",N7=""),"",IF(OR(M7="No Hit",N7="No Hit"),"Loss",IF(AND(M7="Hit",N7="Hit"),"Win","Pending"))) | P7: =IF(OR(K7="",L7=""),"",IF(K7>0,L7*(K7/100),L7*(100/(-K7)))) | Q7: =IF(O7="Win",P7,IF(O7="Loss",-L7,"")) | R7: =IF(Q7="","",SUM($Q$2:Q7))
O8: =IF(AND(M8="",N8=""),"",IF(OR(M8="No Hit",N8="No Hit"),"Loss",IF(AND(M8="Hit",N8="Hit"),"Win","Pending"))) | P8: =IF(OR(K8="",L8=""),"",IF(K8>0,L8*(K8/100),L8*(100/(-K8)))) | Q8: =IF(O8="Win",P8,IF(O8="Loss",-L8,"")) | R8: =IF(Q8="","",SUM($Q$2:Q8))
O9: =IF(AND(M9="",N9=""),"",IF(OR(M9="No Hit",N9="No Hit"),"Loss",IF(AND(M9="Hit",N9="Hit"),"Win","Pending"))) | P9: =IF(OR(K9="",L9=""),"",IF(K9>0,L9*(K9/100),L9*(100/(-K9)))) | Q9: =IF(O9="Win",P9,IF(O9="Loss",-L9,"")) | R9: =IF(Q9="","",SUM($Q$2:Q9))
O10: =IF(AND(M10="",N10=""),"",IF(OR(M10="No Hit",N10="No Hit"),"Loss",IF(AND(M10="Hit",N10="Hit"),"Win","Pending"))) | P10: =IF(OR(K10="",L10=""),"",IF(K10>0,L10*(K10/100),L10*(100/(-K10)))) | Q10: =IF(O10="Win",P10,IF(O10="Loss",-L10,"")) | R10: =IF(Q10="","",SUM($Q$2:Q10))
O11: =IF(AND(M11="",N11=""),"",IF(OR(M11="No Hit",N11="No Hit"),"Loss",IF(AND(M11="Hit",N11="Hit"),"Win","Pending"))) | P11: =IF(OR(K11="",L11=""),"",IF(K11>0,L11*(K11/100),L11*(100/(-K11)))) | Q11: =IF(O11="Win",P11,IF(O11="Loss",-L11,"")) | R11: =IF(Q11="","",SUM($Q$2:Q11))
O12: =IF(AND(M12="",N12=""),"",IF(OR(M12="No Hit",N12="No Hit"),"Loss",IF(AND(M12="Hit",N12="Hit"),"Win","Pending"))) | P12: =IF(OR(K12="",L12=""),"",IF(K12>0,L12*(K12/100),L12*(100/(-K12)))) | Q12: =IF(O12="Win",P12,IF(O12="Loss",-L12,"")) | R12: =IF(Q12="","",SUM($Q$2:Q12))
O13: =IF(AND(M13="",N13=""),"",IF(OR(M13="No Hit",N13="No Hit"),"Loss",IF(AND(M13="Hit",N13="Hit"),"Win","Pending"))) | P13: =IF(OR(K13="",L13=""),"",IF(K13>0,L13*(K13/100),L13*(100/(-K13)))) | Q13: =IF(O13="Win",P13,IF(O13="Loss",-L13,"")) | R13: =IF(Q13="","",SUM($Q$2:Q13))
... O301: =IF(AND(M301="",N301=""),"",IF(OR(M301="No Hit",N301="No Hit"),"Loss",IF(AND(M301="Hit",N301="Hit"),"Win","Pending"))) | P301: =IF(OR(K301="",L301=""),"",IF(K301>0,L301*(K301/100),L301*(100/(-K301)))) | Q301: =IF(O301="Win",P301,IF(O301="Loss",-L301,"")) | R301: =IF(Q301="","",SUM($Q$2:Q301))

Sheet Smash Double
A1: Date | B1: Batter 1 | C1: B1 Team | D1: B1 AVG | E1: B1 AB | F1: Batter 2 | G1: B2 Team | H1: B2 AVG | I1: B2 AB | J1: Book | K1: Odds | L1: Stake ($) | M1: Leg 1 | N1: Leg 2 | O1: Result | P1: To Win ($) | Q1: P/L ($) | R1: Cum. P/L ($) | S1: Notes
O2: =IF(AND(M2="",N2=""),"",IF(OR(M2="No Hit",N2="No Hit"),"Loss",IF(AND(M2="Hit",N2="Hit"),"Win","Pending"))) | P2: =IF(OR(K2="",L2=""),"",IF(K2>0,L2*(K2/100),L2*(100/(-K2)))) | Q2: =IF(O2="Win",P2,IF(O2="Loss",-L2,"")) | R2: =IF(Q2="","",SUM($Q$2:Q2))
O3: =IF(AND(M3="",N3=""),"",IF(OR(M3="No Hit",N3="No Hit"),"Loss",IF(AND(M3="Hit",N3="Hit"),"Win","Pending"))) | P3: =IF(OR(K3="",L3=""),"",IF(K3>0,L3*(K3/100),L3*(100/(-K3)))) | Q3: =IF(O3="Win",P3,IF(O3="Loss",-L3,"")) | R3: =IF(Q3="","",SUM($Q$2:Q3))
O4: =IF(AND(M4="",N4=""),"",IF(OR(M4="No Hit",N4="No Hit"),"Loss",IF(AND(M4="Hit",N4="Hit"),"Win","Pending"))) | P4: =IF(OR(K4="",L4=""),"",IF(K4>0,L4*(K4/100),L4*(100/(-K4)))) | Q4: =IF(O4="Win",P4,IF(O4="Loss",-L4,"")) | R4: =IF(Q4="","",SUM($Q$2:Q4))
O5: =IF(AND(M5="",N5=""),"",IF(OR(M5="No Hit",N5="No Hit"),"Loss",IF(AND(M5="Hit",N5="Hit"),"Win","Pending"))) | P5: =IF(OR(K5="",L5=""),"",IF(K5>0,L5*(K5/100),L5*(100/(-K5)))) | Q5: =IF(O5="Win",P5,IF(O5="Loss",-L5,"")) | R5: =IF(Q5="","",SUM($Q$2:Q5))
O6: =IF(AND(M6="",N6=""),"",IF(OR(M6="No Hit",N6="No Hit"),"Loss",IF(AND(M6="Hit",N6="Hit"),"Win","Pending"))) | P6: =IF(OR(K6="",L6=""),"",IF(K6>0,L6*(K6/100),L6*(100/(-K6)))) | Q6: =IF(O6="Win",P6,IF(O6="Loss",-L6,"")) | R6: =IF(Q6="","",SUM($Q$2:Q6))
O7: =IF(AND(M7="",N7=""),"",IF(OR(M7="No Hit",N7="No Hit"),"Loss",IF(AND(M7="Hit",N7="Hit"),"Win","Pending"))) | P7: =IF(OR(K7="",L7=""),"",IF(K7>0,L7*(K7/100),L7*(100/(-K7)))) | Q7: =IF(O7="Win",P7,IF(O7="Loss",-L7,"")) | R7: =IF(Q7="","",SUM($Q$2:Q7))
O8: =IF(AND(M8="",N8=""),"",IF(OR(M8="No Hit",N8="No Hit"),"Loss",IF(AND(M8="Hit",N8="Hit"),"Win","Pending"))) | P8: =IF(OR(K8="",L8=""),"",IF(K8>0,L8*(K8/100),L8*(100/(-K8)))) | Q8: =IF(O8="Win",P8,IF(O8="Loss",-L8,"")) | R8: =IF(Q8="","",SUM($Q$2:Q8))
O9: =IF(AND(M9="",N9=""),"",IF(OR(M9="No Hit",N9="No Hit"),"Loss",IF(AND(M9="Hit",N9="Hit"),"Win","Pending"))) | P9: =IF(OR(K9="",L9=""),"",IF(K9>0,L9*(K9/100),L9*(100/(-K9)))) | Q9: =IF(O9="Win",P9,IF(O9="Loss",-L9,"")) | R9: =IF(Q9="","",SUM($Q$2:Q9))
O10: =IF(AND(M10="",N10=""),"",IF(OR(M10="No Hit",N10="No Hit"),"Loss",IF(AND(M10="Hit",N10="Hit"),"Win","Pending"))) | P10: =IF(OR(K10="",L10=""),"",IF(K10>0,L10*(K10/100),L10*(100/(-K10)))) | Q10: =IF(O10="Win",P10,IF(O10="Loss",-L10,"")) | R10: =IF(Q10="","",SUM($Q$2:Q10))
O11: =IF(AND(M11="",N11=""),"",IF(OR(M11="No Hit",N11="No Hit"),"Loss",IF(AND(M11="Hit",N11="Hit"),"Win","Pending"))) | P11: =IF(OR(K11="",L11=""),"",IF(K11>0,L11*(K11/100),L11*(100/(-K11)))) | Q11: =IF(O11="Win",P11,IF(O11="Loss",-L11,"")) | R11: =IF(Q11="","",SUM($Q$2:Q11))
O12: =IF(AND(M12="",N12=""),"",IF(OR(M12="No Hit",N12="No Hit"),"Loss",IF(AND(M12="Hit",N12="Hit"),"Win","Pending"))) | P12: =IF(OR(K12="",L12=""),"",IF(K12>0,L12*(K12/100),L12*(100/(-K12)))) | Q12: =IF(O12="Win",P12,IF(O12="Loss",-L12,"")) | R12: =IF(Q12="","",SUM($Q$2:Q12))
O13: =IF(AND(M13="",N13=""),"",IF(OR(M13="No Hit",N13="No Hit"),"Loss",IF(AND(M13="Hit",N13="Hit"),"Win","Pending"))) | P13: =IF(OR(K13="",L13=""),"",IF(K13>0,L13*(K13/100),L13*(100/(-K13)))) | Q13: =IF(O13="Win",P13,IF(O13="Loss",-L13,"")) | R13: =IF(Q13="","",SUM($Q$2:Q13))
... O301: =IF(AND(M301="",N301=""),"",IF(OR(M301="No Hit",N301="No Hit"),"Loss",IF(AND(M301="Hit",N301="Hit"),"Win","Pending"))) | P301: =IF(OR(K301="",L301=""),"",IF(K301>0,L301*(K301/100),L301*(100/(-K301)))) | Q301: =IF(O301="Win",P301,IF(O301="Loss",-L301,"")) | R301: =IF(Q301="","",SUM($Q$2:Q301))
